{
	"posValues":[
		-0.3068528194400547,
		-0.3068528194400547,
		-0.3068528194400547,
		-0.3068528194400547,
		-0.3068528194400547,
		-0.3068528194400547,
		-0.3068528194400547,
		-0.3068528194400547,
		-0.3068528194400547,
		-0.3068528194400547,
		-0.3068528194400547,
		-0.3068528194400547,
		-0.3068528194400547,
		-0.3068528194400547,
		-0.3068528194400547,
		-0.3068528194400547,
		-0.3068528194400547,
		-0.3068528194400547,
		-0.3068528194400547,
		-0.3068528194400547
	],
	"momentumValues":[
		2.5188935937944006,
		2.9138604149540592,
		3.0599974925608286,
		3.136058769772192,
		3.1826503565303037,
		3.2141739440562302,
		3.2368288980772233,
		3.254029124980203,
		3.2673503510385498,
		3.278192385939202,
		3.286929011067664,
		3.2943069867361094,
		3.3005547827629407,
		3.305921874174496,
		3.3105832087331377,
		3.314663695413065,
		3.3182698230841132,
		3.321478066571499,
		3.324350811352729,
		3.326938309342398
	]
}