{
	"posValues":[
		1.0723649429247295,
		1.3427277883870214,
		1.498609206549959,
		1.6097117899572924,
		1.6965505808332084,
		1.7680613095423914,
		1.8289687008371855,
		1.8820850331286054,
		1.9292294951799795,
		1.9716257146570175,
		2.0101781316277374,
		2.0455378608877584,
		2.0782052240518345,
		2.1085705722636545,
		2.1369431614998566,
		2.163575100811892,
		2.1886718494681316,
		2.212404718198256,
		2.234916911950953,
		2.2563312944882075,
		2.2767510664240223
	],
	"momentumValues":[
		1.0723649429247295,
		1.3427277883870214,
		1.498609206549959,
		1.6097117899572924,
		1.6965505808332084,
		1.7680613095423914,
		1.8289687008371855,
		1.8820850331286054,
		1.9292294951799795,
		1.9716257146570175,
		2.0101781316277374,
		2.0455378608877584,
		2.0782052240518345,
		2.1085705722636545,
		2.1369431614998566,
		2.163575100811892,
		2.1886718494681316,
		2.212404718198256,
		2.234916911950953,
		2.2563312944882075,
		2.2767510664240223
	]
}